{
  "drive": {
    "p": 0.00006,
    "i": 0,
    "d": 0.00000002,
    "f": 0,
    "iz": 0
  },
  "angle": {
    "p": 0.0028,  
    "i": 0,
    "d": 0.00005,
    "f": 0,
    "iz": 0
  }
}
